{"cameraMode":{"drawMode":0,"name":"Shaded","section":"Shading Mode"},"sceneLighting":false,"audioPlay":false,"sceneViewState":{"m_AlwaysRefresh":false,"showFog":true,"showSkybox":false,"showFlares":true,"showImageEffects":true,"showParticleSystems":true,"showVisualEffectGraphs":true,"m_FxEnabled":true},"in2DMode":false,"pivot":{"x":5.400000095367432,"y":8.800000190734864,"z":19.299999237060548},"rotation":{"x":0.3912070393562317,"y":0.03833436965942383,"z":-0.01643008552491665,"w":0.9194064140319824},"size":0.6020792722702026,"orthographic":true}